{
  "accuracy": [
    0.9712499976158142,
    1.0,
    1.0,
    1.0,
    1.0,
    1.0,
    1.0,
    1.0,
    1.0
  ],
  "val_accuracy": [
    0.5099999904632568,
    0.6399999856948853,
    0.9700000286102295,
    1.0,
    1.0,
    1.0,
    1.0,
    1.0,
    1.0
  ],
  "loss": [
    0.10427913069725037,
    0.00018055198597721756,
    0.00022376328706741333,
    0.00013981194933876395,
    0.00014828988059889525,
    3.6294019082561135e-05,
    5.2336934459162876e-05,
    4.310830991016701e-05,
    2.071237213385757e-05
  ],
  "val_loss": [
    0.6516434550285339,
    0.6339338421821594,
    0.06340079754590988,
    0.0009074704139493406,
    0.00014305528020486236,
    9.829559530771803e-06,
    1.1121478564746212e-06,
    3.268186219429481e-07,
    1.8733096851519804e-07
  ],
  "best_val_accuracy": 1.0,
  "trained_at": "2026-05-03T00:48:58.394615",
  "preprocessing": "CLAHE(2.0, 4x4) + normalize(0-1)",
  "img_size": [
    24,
    24
  ]
}